{
    "tick" : "<a:rd_y:931485433177722891>",
    "cross" : "<a:rd_n:931485503142912041>",
    "arrow" : "<a:rd_aw:931787105326211123>",
    "channel" : "<:rd_channels:931501543058968617>",
    "reason" : "<a:rd_info:931498370252566568>",
    "admin" : "<:rd_Users:931489535198638120>",
    "utility" : "<a:rd_config:931499437644206120>",
    "info" : "<a:rd_error:931486580055609344>",
    "dot" : "<a:rd_online:931491063259082762>",
    "enabled" : "<a:rd_y:931485433177722891>",
    "disabled" : "<a:rd_n:931485503142912041>",
    "antinuke" : "<:rd_rd_no_internet:931485691714601020>",
    "everyone" : "<a:rd_dc:931487800619053056>",
    "invites" : "<:rd_invite:931484050659606589>",
    "owner" : "<a:hacker:931505574682714192>",
    "boost" : "<a:booster:1099314185931862067>",
    "textChannel" : "<:rd_channels:931501543058968617>",
    "voiceChannel" : "<:rd_audio:931486685445914684>",
    "discord_employee" : "<:sec_discordStaff:1095991212227448912>",
    "discord_partner" : "<:sec_discord_partner:1095991407107395665>",
    "hypesquad_events" : "<:sec_hypesquad_events:1095991502691385374>",
    "house_bravery" : "<:sec_Bravery:1095991586036400199>",
    "house_brilliance" : "<:sec_Brilliance:1095991668173443102>",
    "house_balance" : "<:sec_balance:1095991751099039785>",
    "bug_hunter_level1" : "<:bughunter:1099318450406563971>",
    "bug_hunter_level2" : "<:bughunter2:1099318487509389354>",
    "early_supporter" : "<:sec_early_supporter:1095993047071850568>",
    "team_user" : "<:sec_team:1095993133793296434>",
    "system" : "<:sec_system:1095993233487712347>",
    "verified_bot" : "<a:Verifyed:1099318220919423086>",
    "verified_developer" : "<a:developer:1099317669301334078>",
    "active_developer" : "<a:developer:1099317669301334078>",
    "uptime" : "<a:rd_status:931493438149492766>",
    "left2" : "<:sec_left2:1095993872804487188>",
    "left1" : "<:sec_left1:1095993964269670441>",
    "right1" : "<:sec_right1:1095994048466133124>",
    "right2" : "<:sec_right2:1095994172206497894>",
    "home" : "<:sec_home:1095994280490831945>"
}